{"stats":{"minecraft:mined":{"minecraft:short_grass":2,"minecraft:grass_block":2,"minecraft:ice":9,"minecraft:powder_snow":1,"minecraft:oak_leaves":1},"minecraft:custom":{"minecraft:time_since_rest":2706,"minecraft:deaths":1,"minecraft:crouch_one_cm":3629,"minecraft:sprint_one_cm":11262,"minecraft:play_time":71406,"minecraft:damage_taken":500,"minecraft:walk_one_cm":80166,"minecraft:sneak_time":1937,"minecraft:walk_under_water_one_cm":9605,"minecraft:mob_kills":1,"minecraft:jump":173,"minecraft:damage_dealt":62,"minecraft:walk_on_water_one_cm":2629,"minecraft:time_since_death":2666,"minecraft:total_world_time":71406,"minecraft:fall_one_cm":6779,"minecraft:fly_one_cm":108703},"minecraft:used":{"minecraft:yellow_wool":11,"minecraft:packed_ice":42,"minecraft:blue_terracotta":95,"minecraft:sea_lantern":3,"minecraft:tnt":11,"minecraft:red_wool":23,"minecraft:lime_wool":23,"minecraft:orange_wool":18,"minecraft:blue_wool":40,"minecraft:white_concrete":5,"minecraft:powder_snow_bucket":1,"minecraft:snowball":205},"minecraft:picked_up":{"minecraft:lime_wool":1,"minecraft:yellow_wool":1,"minecraft:red_wool":1,"minecraft:porkchop":4,"minecraft:dirt":1,"minecraft:orange_wool":1},"minecraft:killed":{"minecraft:pig":1}},"DataVersion":3953}