{"stats":{"minecraft:mined":{"minecraft:birch_leaves":1,"minecraft:grass":6,"minecraft:sand":1,"minecraft:oak_leaves":6},"minecraft:crafted":{"minecraft:oak_planks":8},"minecraft:custom":{"minecraft:time_since_rest":4140,"minecraft:sprint_one_cm":53399,"minecraft:damage_taken":1371,"minecraft:walk_one_cm":119858,"minecraft:mob_kills":16,"minecraft:damage_dealt":3351,"minecraft:fly_one_cm":117552,"minecraft:player_kills":1,"minecraft:play_one_minute":48950,"minecraft:crouch_one_cm":711,"minecraft:deaths":7,"minecraft:sneak_time":236,"minecraft:walk_under_water_one_cm":8193,"minecraft:aviate_one_cm":126897,"minecraft:jump":518,"minecraft:leave_game":1,"minecraft:walk_on_water_one_cm":1360,"minecraft:time_since_death":4041,"minecraft:fall_one_cm":3224},"minecraft:killed":{"minecraft:sheep":5,"minecraft:horse":1,"minecraft:cat":1,"minecraft:zombie":2,"minecraft:spider":1,"minecraft:enderman":1,"minecraft:blaze":1,"minecraft:cow":4},"minecraft:picked_up":{"minecraft:stick":1,"minecraft:charcoal":2,"minecraft:leather":6,"minecraft:diamond_sword":3,"minecraft:enderman_spawn_egg":1,"minecraft:sand":1,"minecraft:oak_log":2,"minecraft:string":8,"minecraft:spider_eye":1,"minecraft:bone":6,"minecraft:arrow":4,"minecraft:rotten_flesh":12,"minecraft:wheat_seeds":2,"minecraft:netherite_sword":1,"minecraft:beef":8,"minecraft:blaze_rod":1,"minecraft:mutton":8,"minecraft:white_wool":3},"minecraft:killed_by":{"minecraft:player":1,"minecraft:creeper":1,"minecraft:spider":1,"minecraft:zombie":2},"minecraft:used":{"minecraft:netherite_sword":14,"minecraft:oak_planks":7,"minecraft:cat_spawn_egg":1,"minecraft:horse_spawn_egg":2,"minecraft:rotten_flesh":4,"minecraft:blaze_spawn_egg":1,"minecraft:white_wool":30,"minecraft:diamond_sword":20,"minecraft:sand":1,"minecraft:campfire":1}},"DataVersion":2586}