{"stats":{"minecraft:mined":{"minecraft:short_grass":2,"minecraft:grass_block":2,"minecraft:powder_snow":1,"minecraft:oak_leaves":1},"minecraft:custom":{"minecraft:time_since_rest":59406,"minecraft:crouch_one_cm":1403,"minecraft:sprint_one_cm":4979,"minecraft:play_time":59406,"minecraft:walk_one_cm":57170,"minecraft:sneak_time":1017,"minecraft:walk_under_water_one_cm":5848,"minecraft:jump":94,"minecraft:damage_dealt":12,"minecraft:walk_on_water_one_cm":2141,"minecraft:time_since_death":59406,"minecraft:total_world_time":59406,"minecraft:fall_one_cm":838,"minecraft:fly_one_cm":67076},"minecraft:used":{"minecraft:yellow_wool":9,"minecraft:packed_ice":18,"minecraft:blue_terracotta":95,"minecraft:sea_lantern":3,"minecraft:red_wool":21,"minecraft:lime_wool":17,"minecraft:orange_wool":16,"minecraft:blue_wool":25,"minecraft:white_concrete":5,"minecraft:powder_snow_bucket":1,"minecraft:snowball":205},"minecraft:picked_up":{"minecraft:dirt":1}},"DataVersion":3953}