{"stats":{"minecraft:mined":{"minecraft:grass":3,"minecraft:grass_block":1,"minecraft:oak_log":2,"minecraft:campfire":1},"minecraft:custom":{"minecraft:time_since_rest":7635,"minecraft:sprint_one_cm":29006,"minecraft:damage_taken":1159,"minecraft:walk_one_cm":90095,"minecraft:mob_kills":22,"minecraft:damage_dealt":3992,"minecraft:fly_one_cm":121212,"minecraft:player_kills":1,"minecraft:play_one_minute":25037,"minecraft:crouch_one_cm":1295,"minecraft:deaths":5,"minecraft:sneak_time":355,"minecraft:walk_under_water_one_cm":1577,"minecraft:jump":363,"minecraft:leave_game":1,"minecraft:walk_on_water_one_cm":16734,"minecraft:time_since_death":7553,"minecraft:fall_one_cm":6637},"minecraft:killed":{"minecraft:horse":1,"minecraft:sheep":1,"minecraft:cat":1,"minecraft:skeleton":1,"minecraft:wolf":1,"minecraft:zombie":5,"minecraft:pig":1,"minecraft:spider":3,"minecraft:ender_dragon":1,"minecraft:wither_skeleton":1,"minecraft:creeper":4,"minecraft:enderman":1},"minecraft:picked_up":{"minecraft:blaze_spawn_egg":1,"minecraft:leather":2,"minecraft:porkchop":3,"minecraft:white_bed":1,"minecraft:grass_block":1,"minecraft:dirt":1,"minecraft:string":1,"minecraft:campfire":1,"minecraft:wheat_seeds":5,"minecraft:netherite_sword":2,"minecraft:blaze_rod":1,"minecraft:mutton":2,"minecraft:oak_planks":1,"minecraft:white_wool":1,"minecraft:ender_pearl":1},"minecraft:killed_by":{"minecraft:player":1,"minecraft:creeper":1,"minecraft:zombie":1},"minecraft:used":{"minecraft:spider_spawn_egg":1,"minecraft:creeper_spawn_egg":3,"minecraft:enderman_spawn_egg":1,"minecraft:ender_eye":12,"minecraft:netherite_sword":19,"minecraft:pig_spawn_egg":1,"minecraft:ender_pearl":1,"minecraft:wither_skeleton_spawn_egg":1,"minecraft:cat_spawn_egg":2,"minecraft:diamond_sword":32,"minecraft:dirt":1,"minecraft:wolf_spawn_egg":1,"minecraft:white_bed":51,"minecraft:end_portal_frame":12,"minecraft:obsidian":2}},"DataVersion":2586}