{"stats":{"minecraft:mined":{"minecraft:packed_ice":2,"minecraft:ice":2},"minecraft:custom":{"minecraft:time_since_rest":70886,"minecraft:crouch_one_cm":3032,"minecraft:sprint_one_cm":15536,"minecraft:play_time":70886,"minecraft:damage_taken":42,"minecraft:walk_one_cm":117736,"minecraft:sneak_time":1227,"minecraft:interact_with_anvil":1,"minecraft:walk_under_water_one_cm":5800,"minecraft:mob_kills":5,"minecraft:jump":241,"minecraft:damage_dealt":620,"minecraft:walk_on_water_one_cm":2194,"minecraft:time_since_death":70886,"minecraft:total_world_time":70886,"minecraft:swim_one_cm":2479,"minecraft:fall_one_cm":1240,"minecraft:fly_one_cm":101664},"minecraft:used":{"minecraft:yellow_wool":11,"minecraft:green_terracotta":133,"minecraft:gray_terracotta":1,"minecraft:packed_ice":7,"minecraft:cyan_terracotta":3,"minecraft:blue_terracotta":123,"minecraft:sea_lantern":19,"minecraft:lime_terracotta":129,"minecraft:anvil":1,"minecraft:yellow_terracotta":1,"minecraft:mace":10,"minecraft:red_wool":18,"minecraft:pig_spawn_egg":7,"minecraft:lime_wool":16,"minecraft:orange_wool":15,"minecraft:blue_wool":22,"minecraft:light_blue_terracotta":1,"minecraft:axolotl_spawn_egg":4,"minecraft:white_terracotta":4,"minecraft:red_terracotta":1,"minecraft:white_concrete":4,"minecraft:orange_terracotta":1},"minecraft:picked_up":{"minecraft:porkchop":7,"minecraft:dirt":1},"minecraft:killed":{"minecraft:axolotl":1,"minecraft:pig":4}},"DataVersion":3953}