{"stats":{"minecraft:mined":{"minecraft:packed_ice":2,"minecraft:ice":2},"minecraft:custom":{"minecraft:time_since_rest":58886,"minecraft:crouch_one_cm":2335,"minecraft:sprint_one_cm":15426,"minecraft:play_time":58886,"minecraft:damage_taken":42,"minecraft:walk_one_cm":87039,"minecraft:sneak_time":849,"minecraft:walk_under_water_one_cm":5800,"minecraft:jump":183,"minecraft:walk_on_water_one_cm":2194,"minecraft:time_since_death":58886,"minecraft:total_world_time":58886,"minecraft:swim_one_cm":2479,"minecraft:fall_one_cm":1240,"minecraft:fly_one_cm":93821},"minecraft:used":{"minecraft:yellow_wool":9,"minecraft:green_terracotta":128,"minecraft:gray_terracotta":1,"minecraft:packed_ice":7,"minecraft:cyan_terracotta":3,"minecraft:blue_terracotta":118,"minecraft:sea_lantern":3,"minecraft:lime_terracotta":129,"minecraft:yellow_terracotta":1,"minecraft:red_wool":14,"minecraft:lime_wool":11,"minecraft:orange_wool":13,"minecraft:blue_wool":18,"minecraft:light_blue_terracotta":1,"minecraft:white_terracotta":4,"minecraft:red_terracotta":1,"minecraft:white_concrete":4,"minecraft:orange_terracotta":1},"minecraft:picked_up":{"minecraft:dirt":1}},"DataVersion":3953}